{
  "image_path": "C:\\Users\\devon\\votely-platform\\face-recognition\\data\\aziz.jpg",
  "image_name": "aziz.jpg",
  "face_location": {
    "x": 224,
    "y": 676,
    "width": 512,
    "height": 512
  },
  "embedding_dimension": 512,
  "embedding_vector": [
    0.09572525322437286,
    0.04836045950651169,
    -0.00128234236035496,
    -0.006875664461404085,
    -0.01079629734158516,
    -0.0321466289460659,
    -0.055445823818445206,
    -0.017407618463039398,
    -0.05777139216661453,
    0.02027152106165886,
    0.022019490599632263,
    -0.03077797032892704,
    -0.04433087259531021,
    -0.016171153634786606,
    -0.0024876126553863287,
    0.05747348442673683,
    0.03884810954332352,
    0.03279903158545494,
    -0.060970939695835114,
    0.058342672884464264,
    0.05779893696308136,
    -0.008601216599345207,
    0.030015558004379272,
    0.0010717757977545261,
    -0.015161611139774323,
    0.035498909652233124,
    0.05545974522829056,
    -0.005629168823361397,
    0.05925703048706055,
    -0.04303979128599167,
    0.01935049146413803,
    0.03369775041937828,
    -0.019957778975367546,
    0.06854623556137085,
    0.036981694400310516,
    -0.04389528930187225,
    -0.0013264300068840384,
    -0.09574370831251144,
    -0.005456965416669846,
    0.021261636167764664,
    0.0063302828930318356,
    -0.05816169083118439,
    -0.01679849997162819,
    0.032909244298934937,
    0.0037866567727178335,
    -0.012882348150014877,
    -0.023328253999352455,
    0.027155086398124695,
    -0.041953977197408676,
    0.10523437708616257,
    -0.03317553922533989,
    -0.07195832580327988,
    0.011837448924779892,
    -0.010200947523117065,
    0.03435045853257179,
    -0.005309426691383123,
    -0.028380753472447395,
    -0.04562272131443024,
    0.0739343911409378,
    0.016135744750499725,
    0.0680662989616394,
    0.07350385934114456,
    -0.004132643807679415,
    0.08031156659126282,
    0.03567976877093315,
    -0.030606763437390327,
    0.030591953545808792,
    0.0028104588855057955,
    0.02051647938787937,
    -0.01511338073760271,
    -0.00567028671503067,
    0.02052287943661213,
    -0.03930496424436569,
    0.11481814831495285,
    -0.03674068674445152,
    0.0022048030514270067,
    -0.05669800192117691,
    -0.008836138993501663,
    0.03793415427207947,
    -0.05219963937997818,
    0.09666917473077774,
    -0.0005126639734953642,
    -0.0960279256105423,
    0.054644882678985596,
    0.003375310217961669,
    -0.02619088999927044,
    0.021241389214992523,
    0.0640844851732254,
    -0.002614782191812992,
    -0.04009846970438957,
    0.00871558953076601,
    -0.04780327528715134,
    -0.004278641194105148,
    -0.03983001038432121,
    0.007918844930827618,
    0.04178430885076523,
    -0.036533843725919724,
    0.03963472694158554,
    -0.017276613041758537,
    -0.03150031343102455,
    0.04052361100912094,
    0.037772711366415024,
    -0.06582066416740417,
    0.05725575238466263,
    -0.03782396763563156,
    -0.026635667309165,
    0.03416527807712555,
    -0.07272335886955261,
    -0.06087581068277359,
    -0.017520518973469734,
    0.038315825164318085,
    -0.06156710162758827,
    0.044729795306921005,
    -0.007209694478660822,
    0.0039652748964726925,
    -0.045881371945142746,
    -0.034864578396081924,
    -0.01688162237405777,
    -0.017521241679787636,
    0.039256609976291656,
    0.06098975986242294,
    0.03989126533269882,
    -0.04359481856226921,
    -0.018529919907450676,
    -0.07641163468360901,
    -0.005743896123021841,
    0.061315253376960754,
    -0.06333515048027039,
    0.022229056805372238,
    0.021261408925056458,
    -0.028033798560500145,
    -0.032306261360645294,
    -0.06451919674873352,
    -0.07014083862304688,
    -0.023088881745934486,
    -0.06613753736019135,
    -0.023427722975611687,
    -0.05780693516135216,
    0.00794330332428217,
    0.08974795788526535,
    0.06928633153438568,
    -0.005792184732854366,
    -0.025255659595131874,
    -0.07154665142297745,
    -0.02264266088604927,
    -0.0448569655418396,
    0.007168624550104141,
    0.011945052072405815,
    -0.00027690682327374816,
    -0.04074786603450775,
    0.02075759507715702,
    0.06628551334142685,
    -0.01964445784687996,
    -0.012844021432101727,
    0.01155004370957613,
    -0.04017539694905281,
    -0.12822821736335754,
    -0.04070890694856644,
    -0.04044278338551521,
    -0.049034155905246735,
    0.0006309088203124702,
    0.01724199764430523,
    0.05059697851538658,
    0.053169913589954376,
    -0.014412643387913704,
    -0.008998564444482327,
    -0.013187475502490997,
    0.05042380094528198,
    -0.031528670340776443,
    -0.05219034105539322,
    -0.07131477445363998,
    -0.006269355304539204,
    -0.02384178899228573,
    0.000366269116057083,
    0.06175399571657181,
    0.06035924702882767,
    -0.08502175658941269,
    0.1050993949174881,
    0.02810533344745636,
    0.019291026517748833,
    -0.03039345145225525,
    -0.03771594911813736,
    -0.0032588914036750793,
    0.0015747331781312823,
    0.04334298148751259,
    -0.016129685565829277,
    -0.0298092532902956,
    0.007899587973952293,
    0.0023556987289339304,
    0.054039523005485535,
    0.022450489923357964,
    0.030336791649460793,
    0.07311093807220459,
    -0.019630972295999527,
    0.01698133908212185,
    -0.0053885565139353275,
    -0.09536532312631607,
    -0.013121471740305424,
    0.012201995588839054,
    -0.021713880822062492,
    0.042980536818504333,
    -0.016554681584239006,
    0.008591067977249622,
    0.008998708799481392,
    0.04474403336644173,
    -0.0409553200006485,
    0.00645038578659296,
    0.04230253025889397,
    -0.04492480307817459,
    0.028328675776720047,
    -0.007227299269288778,
    0.030528660863637924,
    -0.004690889734774828,
    0.042708270251750946,
    -0.04274279996752739,
    0.03241845592856407,
    0.005124631337821484,
    0.013807727955281734,
    -0.07252368330955505,
    0.04646095633506775,
    -0.030889516696333885,
    0.026905104517936707,
    -0.012071479111909866,
    0.09080725163221359,
    0.03164192661643028,
    0.0385923832654953,
    0.019870538264513016,
    -0.004952486604452133,
    -0.04668273776769638,
    -0.004282069858163595,
    0.021092526614665985,
    -0.060770418494939804,
    0.03402474895119667,
    -0.1059628501534462,
    -0.020599626004695892,
    -0.028723789379000664,
    -0.026425326243042946,
    0.06574077159166336,
    0.07823041081428528,
    0.010217941366136074,
    0.01303048711270094,
    0.03340413421392441,
    -0.0022100696805864573,
    -0.010106571950018406,
    0.011103630997240543,
    0.019253812730312347,
    0.014071323908865452,
    0.01174458209425211,
    0.04352892190217972,
    0.009118780493736267,
    -0.09721311181783676,
    0.006021870765835047,
    0.015465428121387959,
    -0.02043638378381729,
    -0.04855550453066826,
    -0.03541714698076248,
    -0.011597645469009876,
    0.0962178036570549,
    -0.018425365909934044,
    0.07709518820047379,
    -0.0008401935920119286,
    -0.060518328100442886,
    -0.005600811447948217,
    -0.06089412420988083,
    0.010389074683189392,
    -0.07888232916593552,
    0.015883639454841614,
    0.02822418324649334,
    0.04877735674381256,
    -0.09019826352596283,
    0.10280144959688187,
    -0.006711641792207956,
    0.11072784662246704,
    -0.0009149183752015233,
    0.006662098225206137,
    0.08659721165895462,
    0.00520981103181839,
    0.022567711770534515,
    0.015644364058971405,
    0.01958482712507248,
    -0.028758255764842033,
    -0.022364221513271332,
    -0.0065399156883358955,
    0.0060809007845819,
    0.05907827988266945,
    -0.009863275103271008,
    0.019331514835357666,
    -0.008853928185999393,
    0.01055976189672947,
    0.0658656507730484,
    -0.048991184681653976,
    0.002270451979711652,
    -0.011413730680942535,
    0.019271617755293846,
    0.00569642148911953,
    -0.016527622938156128,
    -0.0557808093726635,
