{
  "image_path": "C:\\Users\\devon\\votely-platform\\face-recognition\\data\\farrel.jpg",
  "image_name": "farrel.jpg",
  "face_location": {
    "x": 469,
    "y": 938,
    "width": 1325,
    "height": 1325
  },
  "embedding_dimension": 512,
  "embedding_vector": [
    0.06997048109769821,
    0.054315049201250076,
    -0.007222259882837534,
    0.0637264996767044,
    -0.020456036552786827,
    0.00668744882568717,
    0.010654177516698837,
    0.014380153268575668,
    0.035418227314949036,
    0.01710115186870098,
    0.0059247310273349285,
    0.007522165775299072,
    -0.052354391664266586,
    0.010165518149733543,
    -0.052124593406915665,
    0.023480700328946114,
    0.13581764698028564,
    0.05258422717452049,
    0.008789269253611565,
    0.0006768300663679838,
    -0.04100654646754265,
    -0.029174236580729485,
    0.035174909979104996,
    -0.04132908210158348,
    -0.014667285606265068,
    -0.041008517146110535,
    -0.0019701796118170023,
    -0.018621260300278664,
    0.05518187955021858,
    0.010699479840695858,
    -0.022483909502625465,
    0.029507996514439583,
    -0.05831129476428032,
    0.036179739981889725,
    -0.034260932356119156,
    -0.022684451192617416,
    -0.03606656938791275,
    -0.1210973709821701,
    -0.03534093126654625,
    0.06528057903051376,
    0.006658256985247135,
    -0.021850163117051125,
    -0.012482086196541786,
    0.05397482216358185,
    -3.906803249265067e-05,
    0.0004900958738289773,
    -0.011437524110078812,
    0.07435087114572525,
    -0.006379973143339157,
    0.025284210219979286,
    0.015487581491470337,
    -0.02699955739080906,
    0.07507620006799698,
    0.057354167103767395,
    -0.0075546507723629475,
    -0.03860129043459892,
    -0.04855899512767792,
    0.022226164117455482,
    0.04685116186738014,
    -0.02665986865758896,
    0.010051841847598553,
    0.045199599117040634,
    0.02118779346346855,
    0.06626170873641968,
    0.008798100985586643,
    0.0019649332389235497,
    -0.03493526950478554,
    0.0392523892223835,
    0.03255536034703255,
    -0.024224966764450073,
    -0.017569269984960556,
    0.022243045270442963,
    -0.016174064949154854,
    0.0476243682205677,
    0.010605603456497192,
    -0.02535523660480976,
    -0.03538065776228905,
    -0.011185306124389172,
    -0.008377202786505222,
    -0.023121513426303864,
    0.051114872097969055,
    -0.03024762123823166,
    -0.12277784198522568,
    0.02739296667277813,
    0.022617047652602196,
    0.03835289925336838,
    0.01649693213403225,
    -0.02152377925813198,
    0.04023745283484459,
    -0.0021259188652038574,
    0.04722510650753975,
    -0.0029982298146933317,
    0.006347846705466509,
    -0.04025144875049591,
    0.022081857547163963,
    0.06023996323347092,
    -0.02073836885392666,
    0.06397630274295807,
    -0.06086798757314682,
    0.04248996451497078,
    0.0814562514424324,
    -0.003606189042329788,
    -0.07803689688444138,
    -0.045763541013002396,
    0.0010629313765093684,
    0.02294602431356907,
    0.05197311192750931,
    -0.02313809283077717,
    -0.006700080819427967,
    -0.00544752785935998,
    0.09460511803627014,
    -0.058654140681028366,
    -0.000450111081590876,
    -0.0365547239780426,
    -0.05444575473666191,
    -0.013575451448559761,
    -0.01512181293219328,
    -0.05774681642651558,
    -0.048519544303417206,
    0.06367132812738419,
    0.014647252857685089,
    0.06616854667663574,
    -0.004895756486803293,
    -0.051353923976421356,
    -0.06297141313552856,
    -0.10110992938280106,
    0.08500204235315323,
    -0.02550591714680195,
    -0.010512261651456356,
    0.062201373279094696,
    -0.09364955872297287,
    -0.05486249923706055,
    -0.008831764571368694,
    -0.027936946600675583,
    -0.042941298335790634,
    0.030918333679437637,
    -0.044089362025260925,
    -0.07462286949157715,
    0.09136604517698288,
    0.08720522373914719,
    0.038214851170778275,
    0.039404917508363724,
    0.00998091883957386,
    0.020303897559642792,
    0.016604017466306686,
    -0.005659904330968857,
    0.06262779235839844,
    0.05766863748431206,
    -0.0029021920636296272,
    -0.016216615214943886,
    0.09150025993585587,
    0.029430994763970375,
    -0.0251255314797163,
    0.03973810747265816,
    0.05167672038078308,
    0.02839377522468567,
    -0.09284280985593796,
    0.007096731569617987,
    0.0112980417907238,
    -0.05366898328065872,
    0.08143453299999237,
    0.055035896599292755,
    -0.0077719236724078655,
    0.09254083782434464,
    0.03596188500523567,
    0.02853289432823658,
    -0.037815846502780914,
    0.06440145522356033,
    -0.06689725816249847,
    0.02130150981247425,
    -0.025319598615169525,
    -0.033102113753557205,
    0.016328435391187668,
    0.04009535163640976,
    0.053450871258974075,
    0.07084908336400986,
    -0.06830339133739471,
    0.05381350219249725,
    -0.0032410467974841595,
    -0.008956790901720524,
    -0.0809333324432373,
    -0.02575237676501274,
    -0.03602662682533264,
    -0.033931855112314224,
    0.006514487788081169,
    -0.00821808073669672,
    0.046078674495220184,
    -0.016340408474206924,
    0.002536927815526724,
    0.03031400591135025,
    0.041095927357673645,
    0.026476284489035606,
    0.04101116582751274,
    -0.07058725506067276,
    0.0477655790746212,
    -0.061304520815610886,
    -0.08936456590890884,
    -0.044249556958675385,
    0.06291201710700989,
    -0.03192305564880371,
    0.06351368129253387,
    -0.004990842659026384,
    0.04772907495498657,
    -0.003418241860345006,
    0.10373097658157349,
    -0.06323044747114182,
    0.053775615990161896,
    -0.013738896697759628,
    0.009501363150775433,
    0.05133289098739624,
    -0.07421831786632538,
    0.0001692112855380401,
    0.036660827696323395,
    -0.004838521592319012,
    -0.03765641897916794,
    0.023721745237708092,
    0.05486137792468071,
    0.015274636447429657,
    -0.029411884024739265,
    0.06119240075349808,
    0.029892411082983017,
    -0.037837788462638855,
    0.05380832031369209,
    0.016246682032942772,
    0.023810962215065956,
    0.018995005637407303,
    0.0006300719687715173,
    0.001568308682180941,
    -0.04765933379530907,
    -0.005386203061789274,
    0.06785592436790466,
    -0.03283639997243881,
    0.007043038494884968,
    -0.05512288585305214,
    -0.03180944547057152,
    0.0009324029670096934,
    0.01270859781652689,
    0.025126086547970772,
    0.00027297032647766173,
    0.04092613607645035,
    0.011853205040097237,
    -0.048093151301145554,
    0.013695531524717808,
    0.03972721844911575,
    0.06376250833272934,
    0.04620946943759918,
    -0.0007557735661976039,
    -0.0693623274564743,
    0.0357205756008625,
    0.002306942827999592,
    -0.03727192431688309,
    0.017057079821825027,
    0.06422066688537598,
    0.04271133244037628,
    -0.09245789051055908,
    -0.0205185879021883,
    -0.03320670872926712,
    0.009402393363416195,
    0.020082715898752213,
    0.050043534487485886,
    -0.06027466431260109,
    0.0296991765499115,
    0.07058490067720413,
    -0.08628419786691666,
    -0.009028592146933079,
    -0.03682217001914978,
    -0.01551093254238367,
    -0.04229870066046715,
    -0.06869865953922272,
    -0.08188540488481522,
    0.0557778924703598,
    -0.006491027772426605,
    0.02632889710366726,
    0.040047939866781235,
    -0.032751765102148056,
    0.03389211371541023,
    -0.07074707001447678,
    -0.008040294051170349,
    0.011289638467133045,
    0.009683463722467422,
    0.00027504825266078115,
    0.041092295199632645,
    -0.007202791050076485,
    0.014680336229503155,
    -0.04742712900042534,
    -0.02896442636847496,
    -0.029848389327526093,
    0.06147193908691406,
    -0.019390884786844254,
    0.04440300911664963,
    -0.052309513092041016,
    0.005914332345128059,
    -0.01584598235785961,
    -0.0023638028651475906,
    0.018291227519512177,
    -0.045548226684331894,
    -0.046041809022426605,
