{
  "image_path": "C:\\Users\\devon\\votely-platform\\face-recognition\\data\\harfhan.jpg",
  "image_name": "harfhan.jpg",
  "face_location": {
    "x": 290,
    "y": 584,
    "width": 543,
    "height": 543
  },
  "embedding_dimension": 512,
  "embedding_vector": [
    0.03839201480150223,
    0.009398732334375381,
    -0.006536355707794428,
    0.0747782438993454,
    0.005538977216929197,
    -0.025340011343359947,
    0.03910251706838608,
    0.00020819877681788057,
    -0.04591973498463631,
    0.007212002296000719,
    -0.013522600755095482,
    -0.031260840594768524,
    0.033973608165979385,
    0.009324325248599052,
    0.0064473338425159454,
    0.0390685573220253,
    0.027038581669330597,
    0.08610128611326218,
    -0.07804077863693237,
    0.01782406121492386,
    -0.034238301217556,
    -0.0012590070255100727,
    -0.03567067161202431,
    -0.017966987565159798,
    0.016535593196749687,
    -0.02163982391357422,
    -0.015542944893240929,
    -0.028082048520445824,
    0.052152860909700394,
    -0.039534565061330795,
    0.029939088970422745,
    0.07342997193336487,
    -0.014552085660398006,
    0.026287538930773735,
    -0.009839823469519615,
    -0.00604101549834013,
    -0.007221478968858719,
    -0.0540144219994545,
    -0.11165247857570648,
    0.030213868245482445,
    -0.01584700495004654,
    -0.060188762843608856,
    0.05140312761068344,
    -0.021695595234632492,
    -0.0041802204214036465,
    0.01885938085615635,
    0.034895699471235275,
    0.01081435289233923,
    0.007100244518369436,
    0.031428199261426926,
    0.08362266421318054,
    -0.054953090846538544,
    0.05030731111764908,
    0.032282743602991104,
    0.014527080580592155,
    -0.06680680811405182,
    -0.024187173694372177,
    -0.00545154046267271,
    0.03573751449584961,
    0.0022896972950547934,
    0.00047292030649259686,
    0.028690433129668236,
    0.008553900755941868,
    -0.00984671525657177,
    -0.05444229021668434,
    0.02273339033126831,
    -0.015228241682052612,
    0.03200065717101097,
    0.054740335792303085,
    0.003720329375937581,
    -0.005487264133989811,
    0.002250944497063756,
    -0.023848116397857666,
    0.0196699146181345,
    0.01620275154709816,
    -0.016194945201277733,
    0.009352295659482479,
    0.003926035016775131,
    -0.01267548743635416,
    -0.014521325007081032,
    0.04816286265850067,
    -0.005461577326059341,
    0.0017745780060067773,
    -0.019709806889295578,
    -0.020353401079773903,
    0.01294038351625204,
    0.022532790899276733,
    -0.007847636938095093,
    0.030483301728963852,
    0.017772816121578217,
    0.000759510847274214,
    0.06077234074473381,
    0.023103944957256317,
    0.0026863517705351114,
    0.06418726593255997,
    0.02289276197552681,
    -0.024136103689670563,
    -0.0488319993019104,
    -0.06943675875663757,
    0.06647751480340958,
    0.012284616008400917,
    0.017810875549912453,
    0.03779631480574608,
    -0.018225161358714104,
    -0.050241198390722275,
    0.009693016298115253,
    0.035306017845869064,
    -0.10119576752185822,
    -0.06299690902233124,
    0.051780857145786285,
    -0.04231061041355133,
    -0.025272365659475327,
    0.004709287546575069,
    -0.01903589442372322,
    -0.09166890382766724,
    -0.06128247454762459,
    0.006541328504681587,
    -0.03339160606265068,
    -0.09757048636674881,
    0.044753171503543854,
    0.025858119130134583,
    0.05658195912837982,
    -0.050420794636011124,
    -0.03399351239204407,
    -0.08042343705892563,
    -0.04857262596487999,
    0.022776633501052856,
    -0.05174940451979637,
    0.07740385085344315,
    0.027222231030464172,
    0.0609273687005043,
    -0.044226136058568954,
    -0.008773284032940865,
    0.01805155538022518,
    -0.0031928184907883406,
    0.006111236289143562,
    0.015758249908685684,
    -0.0733574628829956,
    0.029893001541495323,
    0.037475209683179855,
    0.07263201475143433,
    0.018343521282076836,
    -0.01925809308886528,
    -0.015835287049412727,
    0.03248344361782074,
    0.06158481910824776,
    0.006730209104716778,
    -0.07235579937696457,
    0.04847697541117668,
    0.0023448127321898937,
    0.05550301447510719,
    -0.03488687425851822,
    -0.06313841044902802,
    0.0585591197013855,
    0.026757920160889626,
    -0.0814565122127533,
    -0.09277939051389694,
    0.009468486532568932,
    -0.03903931751847267,
    -0.00633098604157567,
    -0.01834159530699253,
    -0.00672173360362649,
    0.008382771164178848,
    0.07897228747606277,
    -0.008352036587893963,
    -0.01846684329211712,
    -0.0792427510023117,
    -0.0009706132113933563,
    -0.004190972540527582,
    -0.0630008801817894,
    -0.04255883768200874,
    0.04730430990457535,
    -0.023074284195899963,
    0.07847261428833008,
    0.020062878727912903,
    0.03352704271674156,
    0.025979530066251755,
    0.0788317620754242,
    -0.04290974885225296,
    -0.021301984786987305,
    -0.0740647241473198,
    0.024225329980254173,
    -0.014733063988387585,
    -0.035792749375104904,
    0.028541192412376404,
    0.02222597971558571,
    0.08265455067157745,
    -0.05298146978020668,
    0.025701986625790596,
    0.05309997871518135,
    0.02562205120921135,
    0.07525426149368286,
    0.05691519379615784,
    0.02952493540942669,
    -0.03274238109588623,
    0.05710912495851517,
    -0.09597763419151306,
    -0.012997501529753208,
    0.014491662383079529,
    -0.056885041296482086,
    0.03679795563220978,
    0.03224959596991539,
    0.035496678203344345,
    0.03043699450790882,
    0.05412811413407326,
    -0.08225475251674652,
    0.03641047328710556,
    0.08865569531917572,
    -0.05076488107442856,
    0.029752319678664207,
    -0.03802371770143509,
    -0.03374066576361656,
    0.017308443784713745,
    0.10985235869884491,
    -0.012666160240769386,
    0.06482996791601181,
    -0.002288311952725053,
    -0.0031115685123950243,
    -0.07855185121297836,
    0.08747047185897827,
    0.042198169976472855,
    -0.005939755123108625,
    -0.03084159456193447,
    0.07200723886489868,
    -0.03691501542925835,
    0.005035088863223791,
    0.0046499683521687984,
    -0.003740401240065694,
    -0.0507916696369648,
    0.04774624481797218,
    0.021431129425764084,
    -0.024296840652823448,
    -0.0039058446418493986,
    -0.10635709017515182,
    -0.06842591613531113,
    -0.006800892297178507,
    -0.06419900804758072,
    0.09487000107765198,
    0.07429896295070648,
    -0.0376388318836689,
    -0.017025647684931755,
    -0.006957575213164091,
    -0.02083132602274418,
    0.014044039882719517,
    0.015848705545067787,
    0.007301595527678728,
    0.06261526793241501,
    0.004709524102509022,
    0.05051220953464508,
    0.07148804515600204,
    -0.0704151913523674,
    -0.003709545824676752,
    -0.006087483372539282,
    -0.045966535806655884,
    -0.0784328430891037,
    0.019529933109879494,
    0.009696278721094131,
    0.00355396862141788,
    -0.014206248335540295,
    0.024666644632816315,
    -0.003512650029733777,
    0.031568385660648346,
    0.021007640287280083,
    -0.05716446414589882,
    0.04915317893028259,
    -0.11178886890411377,
    -0.10240325331687927,
    0.026210807263851166,
    0.02364456094801426,
    -0.05816933885216713,
    0.03488341346383095,
    -0.07184786349534988,
    0.04928421974182129,
    0.015896381810307503,
    0.020610561594367027,
    0.017681825906038284,
    -0.009952778927981853,
    -0.02721439115703106,
    -0.015436951071023941,
    0.12282047420740128,
    -0.017246395349502563,
    -0.004989258479326963,
    -0.11514802277088165,
    -0.010244159027934074,
    -0.034298159182071686,
    -0.042248375713825226,
    -0.07601813226938248,
    -0.00047812689444981515,
    -0.03610048070549965,
    0.02423883229494095,
    -0.06783799827098846,
    0.02252650074660778,
    0.012073846533894539,
    -0.03219673037528992,
    0.057627659291028976,
    -0.03565886244177818,
    -0.01769515872001648,
