{
  "image_path": "C:\\Users\\devon\\votely-platform\\face-recognition\\data\\kenan.jpg",
  "image_name": "kenan.jpg",
  "face_location": {
    "x": 151,
    "y": 608,
    "width": 60,
    "height": 60
  },
  "embedding_dimension": 512,
  "embedding_vector": [
    -0.0012232940644025803,
    -0.03545527160167694,
    -0.0002056930970866233,
    0.029729677364230156,
    -0.03395714983344078,
    -0.017131568863987923,
    -0.016559064388275146,
    0.07581275701522827,
    -0.010956033132970333,
    0.0014330142876133323,
    0.03195008635520935,
    0.02394719421863556,
    -0.002499178983271122,
    -0.03866935893893242,
    -0.01866809092462063,
    0.06276502460241318,
    -0.04526117816567421,
    -0.0859452486038208,
    0.027278786525130272,
    -0.08192466199398041,
    -0.009544097818434238,
    -0.027172477915883064,
    -0.03470731899142265,
    -0.01698247902095318,
    -0.019458530470728874,
    0.009997709654271603,
    -0.048895128071308136,
    -0.0649045929312706,
    0.013048366643488407,
    0.05716926231980324,
    -0.06027279794216156,
    -0.001312452950514853,
    0.038765739649534225,
    -0.030990242958068848,
    -0.025608528405427933,
    0.033491101115942,
    0.0004559184599202126,
    0.0018158303573727608,
    -0.04780100658535957,
    0.025406483560800552,
    -0.004153990186750889,
    0.05459478870034218,
    -0.001176426187157631,
    0.02454596385359764,
    -0.008013325743377209,
    0.02931034006178379,
    0.01851697824895382,
    0.09046180546283722,
    -0.04792066663503647,
    0.01170550100505352,
    0.007425104733556509,
    0.017796549946069717,
    0.03403196483850479,
    -0.017436932772397995,
    -0.017391104251146317,
    0.058691397309303284,
    0.0345333032310009,
    0.08375739306211472,
    -0.035684071481227875,
    0.05877351015806198,
    -0.018296856433153152,
    -0.006461664568632841,
    -0.008014041930437088,
    -0.01892986334860325,
    -0.046388134360313416,
    0.06478110700845718,
    -0.026191862300038338,
    0.03512934595346451,
    0.003634154098108411,
    -0.059343378990888596,
    0.03593616932630539,
    0.037783194333314896,
    0.029779380187392235,
    0.015438912436366081,
    -0.013548990711569786,
    0.021368863061070442,
    -0.0520198754966259,
    0.04680512845516205,
    0.005115799140185118,
    0.05711837485432625,
    0.0441533699631691,
    -0.033149540424346924,
    -0.01004443597048521,
    0.05022147670388222,
    0.01561681553721428,
    -0.03936045244336128,
    0.024039236828684807,
    0.08335769176483154,
    0.06482449918985367,
    0.007981991395354271,
    0.01869325339794159,
    0.009634110145270824,
    -0.03224915638566017,
    -0.02606130763888359,
    0.01701372303068638,
    -0.013522554188966751,
    0.0006637148908339441,
    0.004620878025889397,
    -0.07731522619724274,
    0.039276640862226486,
    0.05278709530830383,
    -0.0751756951212883,
    0.002945195185020566,
    0.04074418172240257,
    0.0698179081082344,
    -0.0036311715375632048,
    0.05671125650405884,
    -0.03037971630692482,
    0.04294559359550476,
    -0.08746440708637238,
    0.05237552896142006,
    0.0894281417131424,
    -0.03294358402490616,
    -0.05605529993772507,
    0.02156490460038185,
    0.02518262155354023,
    0.03300148621201515,
    -0.0167566929012537,
    0.025199521332979202,
    0.02146487683057785,
    -0.02334296889603138,
    -0.02478606067597866,
    0.019381677731871605,
    -0.07537593692541122,
    0.020165620371699333,
    -0.013877160847187042,
    -0.006915723439306021,
    0.0008920844411477447,
    0.06994421780109406,
    -0.006441635545343161,
    -0.00329000991769135,
    -0.01656508259475231,
    0.07636856287717819,
    -0.007317447569221258,
    -0.026611803099513054,
    0.03039621375501156,
    -0.004908760078251362,
    0.08898669481277466,
    0.060878731310367584,
    0.06919770687818527,
    0.0026848241686820984,
    -0.00852920487523079,
    -0.009875730611383915,
    -0.01890081726014614,
    0.031510964035987854,
    0.0010194584028795362,
    -0.012935017235577106,
    0.06922797858715057,
    -0.006682411301881075,
    0.033083491027355194,
    0.09672558307647705,
    -0.044321056455373764,
    -0.057654596865177155,
    -0.059595223516225815,
    -0.02404685877263546,
    0.06284814327955246,
    -0.012475145049393177,
    0.06264807283878326,
    -0.02883269265294075,
    -0.0018610954284667969,
    0.04455539211630821,
    -0.07015617191791534,
    -0.057043660432100296,
    -0.02115706540644169,
    0.029292842373251915,
    0.01358863152563572,
    -0.022568436339497566,
    0.04093223810195923,
    -0.03205370530486107,
    0.054872363805770874,
    0.04704903066158295,
    -0.0818755254149437,
    0.012426248751580715,
    -0.03919630125164986,
    0.042928919196128845,
    0.009819497354328632,
    0.05761413648724556,
    -0.09295187145471573,
    0.004189000930637121,
    -0.07160778343677521,
    -0.059990864247083664,
    -0.0021188599057495594,
    0.024352071806788445,
    -0.019237447530031204,
    -0.04000992327928543,
    0.030428312718868256,
    0.050646718591451645,
    0.016849001869559288,
    -0.06578478962182999,
    -0.0357823483645916,
    0.03842151537537575,
    0.010518345050513744,
    0.09570810943841934,
    -0.046125903725624084,
    0.07957784086465836,
    -0.019050320610404015,
    0.04426709562540054,
    0.027633506804704666,
    -0.06142851337790489,
    0.010235878638923168,
    -0.022424407303333282,
    0.013497645035386086,
    0.04406425356864929,
    -0.0494927242398262,
    -0.028616253286600113,
    0.04375212639570236,
    0.041218649595975876,
    0.018842332065105438,
    0.002584509551525116,
    -0.043148305267095566,
    -0.05095169320702553,
    -0.010544381104409695,
    0.02181713469326496,
    0.01390223577618599,
    0.02908259443938732,
    -0.01973884366452694,
    -0.012408931739628315,
    0.054641421884298325,
    0.04422025382518768,
    0.02509908936917782,
    -0.09506165236234665,
    -0.030998844653367996,
    -0.0343635231256485,
    -0.10130119323730469,
    0.011744453571736813,
    -0.01765449345111847,
    -0.056966762989759445,
    0.017844336107373238,
    -0.05085449665784836,
    0.06518425047397614,
    0.007279375568032265,
    0.04728078469634056,
    -0.10568725317716599,
    -0.05049435421824455,
    -0.015637628734111786,
    0.0010798127623274922,
    0.07044330984354019,
    0.002928429516032338,
    -0.06126151233911514,
    -0.048377875238657,
    -0.011388488113880157,
    0.03213554620742798,
    0.05205671489238739,
    0.04283088818192482,
    0.07433687895536423,
    0.04346581548452377,
    -0.023669809103012085,
    0.012777755968272686,
    0.010411265306174755,
    -0.07565604150295258,
    0.045290328562259674,
    0.03645488992333412,
    -0.007042478304356337,
    0.053902626037597656,
    -0.05863623693585396,
    0.039880961179733276,
    -0.07144223153591156,
    0.029861634597182274,
    0.07801495492458344,
    0.08620712906122208,
    0.005427669268101454,
    -0.08456756919622421,
    0.018801771104335785,
    0.03828241303563118,
    -0.05937610939145088,
    0.0030771687161177397,
    0.07418256253004074,
    0.005977627821266651,
    -0.03520532324910164,
    0.026662152260541916,
    -0.055448755621910095,
    -0.002436097478494048,
    -0.033837608993053436,
    0.039870452135801315,
    -0.0710904598236084,
    -0.09163462370634079,
    -0.005008058622479439,
    0.010934622026979923,
    -0.06823724508285522,
    -0.040429260581731796,
    -0.03943154215812683,
    0.0799671933054924,
    0.015286359004676342,
    -0.08783435821533203,
    -0.062363337725400925,
    0.033994950354099274,
    0.016630053520202637,
    -0.052707355469465256,
    -0.003552062204107642,
    -0.07744679600000381,
    0.03892883285880089,
    -0.007428881712257862,
    0.002151323016732931,
    0.08653417229652405,
    -0.01595371775329113,
    0.0066604651510715485,
    0.05246345326304436,
    -0.033304743468761444,
