{
  "image_path": "C:\\Users\\devon\\votely-platform\\face-recognition\\data\\mahesa.jpg",
  "image_name": "mahesa.jpg",
  "face_location": {
    "x": 428,
    "y": 1037,
    "width": 1400,
    "height": 1400
  },
  "embedding_dimension": 512,
  "embedding_vector": [
    0.04043580964207649,
    0.049761999398469925,
    0.01578422822058201,
    0.03386799618601799,
    -0.02435350976884365,
    0.026033930480480194,
    -0.01121271587908268,
    0.07653291523456573,
    -0.009204783476889133,
    -0.045697811990976334,
    -0.0222015380859375,
    0.0274809543043375,
    0.057768501341342926,
    0.020513180643320084,
    -0.06303434073925018,
    0.023870712146162987,
    0.037575483322143555,
    0.07863370329141617,
    -0.031655024737119675,
    -0.0008125253953039646,
    -0.01275561098009348,
    0.004807312041521072,
    0.043786898255348206,
    -0.029822316020727158,
    0.04444221407175064,
    0.005787321832031012,
    0.025506554171442986,
    -0.01377288531512022,
    0.09559482336044312,
    0.014670138247311115,
    0.0219693873077631,
    0.02151183970272541,
    -0.001660092151723802,
    0.015960650518536568,
    0.04024667292833328,
    0.011572789400815964,
    0.011012638919055462,
    -0.0792432576417923,
    -0.02471311017870903,
    0.030992811545729637,
    0.058386120945215225,
    -0.06737712025642395,
    0.032029975205659866,
    0.005802537314593792,
    -0.05705811083316803,
    0.011315246112644672,
    -0.05971488729119301,
    0.09835579991340637,
    -0.05148819833993912,
    0.0049933395348489285,
    -0.04132102429866791,
    -0.0428912527859211,
    0.04909014701843262,
    0.029824329540133476,
    0.008430227637290955,
    -0.007196944206953049,
    -0.005017326679080725,
    0.04827465862035751,
    0.05424322187900543,
    -0.01931093819439411,
    0.00930815376341343,
    0.07057192921638489,
    -0.016206685453653336,
    0.03789494186639786,
    -0.05411957576870918,
    -0.0023448201827704906,
    -0.01158332359045744,
    0.04448686167597771,
    0.06916848570108414,
    -0.038704756647348404,
    0.012295755557715893,
    0.004552712198346853,
    -0.0243565384298563,
    0.052343979477882385,
    0.027911243960261345,
    -0.04809482395648956,
    -0.0596376396715641,
    -0.011579376645386219,
    -0.06995031982660294,
    -0.0895209088921547,
    0.04059447720646858,
    -0.05608731508255005,
    -0.0016498068580403924,
    -0.016757942736148834,
    -0.04352736100554466,
    -0.012299192138016224,
    0.057960860431194305,
    -0.029761770740151405,
    -0.0001615056535229087,
    -0.023187844082713127,
    0.03358010947704315,
    0.0019367276690900326,
    0.002624855376780033,
    -0.04510537162423134,
    0.06188429892063141,
    0.014959586784243584,
    -0.02316787652671337,
    -0.056230153888463974,
    -0.14796382188796997,
    0.09228958934545517,
    0.02948412112891674,
    0.039046309888362885,
    0.006038705352693796,
    0.041766706854104996,
    -0.06140334904193878,
    -0.02156682312488556,
    0.07217662036418915,
    -0.02179589867591858,
    -0.026059390977025032,
    0.01942102611064911,
    0.03835653141140938,
    0.029290497303009033,
    -0.03309660032391548,
    -0.03398076817393303,
    -0.026947535574436188,
    -0.05722280219197273,
    -0.018509676679968834,
    0.04200730472803116,
    -0.03981523588299751,
    -0.013802043162286282,
    0.04806137457489967,
    0.09553732722997665,
    -0.01836487464606762,
    -0.09676747024059296,
    -0.09521076083183289,
    -0.00397368473932147,
    0.034173764288425446,
    0.00836804136633873,
    -0.003641714109107852,
    -0.010424412786960602,
    -0.019741861149668694,
    -0.03285326808691025,
    -0.06502777338027954,
    -0.007040014956146479,
    -0.03384096175432205,
    0.029962418600916862,
    -0.023277461528778076,
    -0.031105538830161095,
    0.04204002395272255,
    0.06952843070030212,
    0.015956608578562737,
    -0.04233128949999809,
    -0.010841344483196735,
    -0.01614176295697689,
    0.03842524066567421,
    0.02919701300561428,
    0.030467696487903595,
    -0.017288072034716606,
    0.05846285820007324,
    -0.08071237057447433,
    0.15412329137325287,
    -0.0275897029787302,
    -0.03475811332464218,
    0.01429198868572712,
    0.05776570364832878,
    -0.00872050877660513,
    -0.09878562390804291,
    0.015579991973936558,
    -0.03417934104800224,
    0.0397493802011013,
    -0.028853237628936768,
    0.054597966372966766,
    -0.014279100112617016,
    0.09749587625265121,
    0.04831782355904579,
    0.07001195847988129,
    -0.042948730289936066,
    -0.00017531594494357705,
    -0.1153029352426529,
    0.029614826664328575,
    -0.02111966162919998,
    0.01831434667110443,
    -0.006241646595299244,
    0.03682108223438263,
    0.11003551632165909,
    -0.010264739394187927,
    -0.0063791959546506405,
    0.011698365211486816,
    -0.05396891012787819,
    0.032019175589084625,
    -0.06439045071601868,
    0.03728584945201874,
    -0.014945306815207005,
    -0.039160940796136856,
    0.031132839620113373,
    0.002366787288337946,
    0.053428925573825836,
    -0.041012972593307495,
    0.02871730923652649,
    -0.05068516358733177,
    0.10034316033124924,
    0.060451481491327286,
    0.028646916151046753,
    -0.11429513990879059,
    0.01936345547437668,
    -0.03681868687272072,
    -0.11192546039819717,
    -0.008374938741326332,
    0.0090638417750597,
    -0.0026946633588522673,
    0.019968921318650246,
    0.030803371220827103,
    0.021314917132258415,
    0.013016303069889545,
    0.07915696501731873,
    -0.011055715382099152,
    -0.04584744945168495,
    0.009830872528254986,
    -0.038013119250535965,
    -0.005798478610813618,
    -0.0007127304561436176,
    -0.03168709948658943,
    0.022546008229255676,
    0.09778878837823868,
    -0.005095326341688633,
    0.030081484466791153,
    0.036896347999572754,
    -0.00777501380071044,
    -0.009333583526313305,
    0.0013694276567548513,
    -0.026807887479662895,
    -0.03871987387537956,
    -0.06245812401175499,
    -0.04245707765221596,
    -0.03296221047639847,
    0.09509526938199997,
    0.017621448263525963,
    0.01614227145910263,
    -0.0338326133787632,
    0.0009719908121041954,
    0.016179673373699188,
    0.017448756843805313,
    0.006340972147881985,
    -0.06195980682969093,
    -0.02710002288222313,
    0.03279390186071396,
    -0.0015284983674064279,
    0.027505088597536087,
    0.030975375324487686,
    -0.0015229082200676203,
    -0.07790195941925049,
    0.01796134188771248,
    0.053027212619781494,
    0.013887882232666016,
    0.08733449131250381,
    0.014648934826254845,
    0.06267615407705307,
    -0.02984475903213024,
    -0.012720062397420406,
    0.012180875055491924,
    -0.02892768755555153,
    -0.04858441278338432,
    -0.007645206525921822,
    0.04036012664437294,
    0.008702182210981846,
    -0.016304511576890945,
    0.06737108528614044,
    0.007743309251964092,
    -0.006854912731796503,
    0.10855235159397125,
    -0.008774404413998127,
    -0.003905839053913951,
    0.029180116951465607,
    -0.09007833898067474,
    -0.0693608745932579,
    -0.14176635444164276,
    -0.004645195789635181,
    -0.0031447317451238632,
    -0.016086813062429428,
    -0.03354760631918907,
    0.04159277305006981,
    -0.0008721519261598587,
    0.07409489899873734,
    0.032484229654073715,
    0.01583291031420231,
    -0.0021908485796302557,
    -0.0029415194876492023,
    -0.027875244617462158,
    0.061548251658678055,
    -0.0008247322402894497,
    -0.016068631783127785,
    0.0061364732682704926,
    -0.06596072763204575,
    -0.022173643112182617,
    -0.07474799454212189,
    -0.07039286941289902,
    -0.014053056947886944,
    -0.02137424610555172,
    -0.021194586530327797,
    0.014025568962097168,
    -0.060733966529369354,
    -0.008630428463220596,
    -0.03721289709210396,
    0.0025926644448190928,
    0.04013808071613312,
    -0.0499076172709465,
