{
  "image_path": "C:\\Users\\devon\\votely-platform\\face-recognition\\data\\nicho.jpg",
  "image_name": "nicho.jpg",
  "face_location": {
    "x": 246,
    "y": 439,
    "width": 645,
    "height": 645
  },
  "embedding_dimension": 512,
  "embedding_vector": [
    0.08225443959236145,
    -0.0040667313151061535,
    -0.03704315051436424,
    0.051446039229631424,
    0.01063136663287878,
    -0.010712920688092709,
    -0.0005338893388397992,
    -0.01891048066318035,
    0.04384630545973778,
    -0.010648207738995552,
    -0.012115505523979664,
    0.026130979880690575,
    0.019237136468291283,
    0.030163241550326347,
    -0.03691401332616806,
    0.028972603380680084,
    0.04068019986152649,
    0.06794433295726776,
    0.02394810877740383,
    0.08276502788066864,
    -0.016463778913021088,
    -0.06588132679462433,
    0.022496962919831276,
    -0.007540695369243622,
    -0.005828340537846088,
    0.0004634337092284113,
    0.023434869945049286,
    -0.010819180868566036,
    0.0076798079535365105,
    0.012732024304568768,
    0.07139776647090912,
    0.011306390166282654,
    -0.017749173566699028,
    -0.0030258395709097385,
    0.01595640555024147,
    -0.10399708151817322,
    -0.02625674195587635,
    -0.023798847571015358,
    -0.04100269451737404,
    0.0026743505150079727,
    -0.01727106422185898,
    -0.06606969982385635,
    -0.07980526983737946,
    -0.013175823725759983,
    -0.07804940640926361,
    -0.0381430983543396,
    -0.03429184481501579,
    0.08194379508495331,
    -0.04707593470811844,
    0.029766645282506943,
    -0.03818684071302414,
    -0.04945601522922516,
    0.01099606417119503,
    0.00041090065496973693,
    -0.060960620641708374,
    -0.025263123214244843,
    -0.030958907678723335,
    0.013649255968630314,
    0.043956462293863297,
    0.05342504382133484,
    -0.022400716319680214,
    0.05929415673017502,
    0.021831024438142776,
    0.11507745832204819,
    -0.03628365695476532,
    -0.025771072134375572,
    0.03506986424326897,
    -0.07883627712726593,
    0.03676525875926018,
    -0.05245223268866539,
    -0.039001237601041794,
    -0.023528432473540306,
    -0.005701890215277672,
    0.07761982828378677,
    -0.080880306661129,
    -0.026147697120904922,
    -0.0342598557472229,
    -0.09276314824819565,
    0.09767317026853561,
    0.007742422632873058,
    0.05323448032140732,
    -0.029218945652246475,
    -0.03957494720816612,
    0.07031845301389694,
    0.03827724978327751,
    -0.01778968796133995,
    0.0725882276892662,
    0.036459289491176605,
    -0.059495631605386734,
    -0.06533875316381454,
    -0.01596618816256523,
    -0.014657233841717243,
    0.0481017641723156,
    -0.010138606652617455,
    0.07277961075305939,
    0.022413048893213272,
    -0.017972255125641823,
    -0.02477189153432846,
    -0.03335919976234436,
    0.06218449026346207,
    0.0415845587849617,
    0.07400393486022949,
    -0.04261528700590134,
    0.08133294433355331,
    0.04934270679950714,
    -0.016768379136919975,
    -0.04826456308364868,
    0.025655018165707588,
    0.05921389162540436,
    -0.033563148230314255,
    0.09069661796092987,
    -0.01006755605340004,
    -0.09044300019741058,
    -0.055097587406635284,
    -0.023467540740966797,
    -0.0015235106693580747,
    0.04487232491374016,
    -0.0054984381422400475,
    -0.04135480895638466,
    0.04485781490802765,
    0.05354953557252884,
    0.056831903755664825,
    -0.041290223598480225,
    -0.0438968688249588,
    -0.048004090785980225,
    -0.026170041412115097,
    0.04531256854534149,
    -0.06889351457357407,
    -0.0774368941783905,
    0.044961683452129364,
    -0.06709828972816467,
    0.007255194708704948,
    0.015710802748799324,
    -0.07438770681619644,
    -0.04645612835884094,
    0.0042666238732635975,
    -0.059449203312397,
    -0.04186372458934784,
    0.10008786618709564,
    0.08855653554201126,
    0.05631059408187866,
    0.013217916712164879,
    -0.009380211122334003,
    0.012468467466533184,
    0.04419373720884323,
    -0.016167599707841873,
    -0.049239955842494965,
    0.047458797693252563,
    0.0035092479083687067,
    -0.05442998930811882,
    0.05720198526978493,
    0.0754169449210167,
    0.07487887889146805,
    0.018352685496211052,
    0.022238625213503838,
    -0.04993119463324547,
    -0.015453916974365711,
    0.028287222608923912,
    -0.0710986778140068,
    -0.020633896812796593,
    0.005931193009018898,
    0.08564669638872147,
    0.09080938994884491,
    0.04251387342810631,
    0.020662007853388786,
    0.04305543750524521,
    -0.045650992542505264,
    0.05811731889843941,
    -0.07733865082263947,
    0.027790945023298264,
    0.0008174373069778085,
    0.01849692314863205,
    0.03956374153494835,
    -0.003497345605865121,
    0.03689504414796829,
    0.0016894865548238158,
    -0.09270713478326797,
    0.010340786539018154,
    0.01960519514977932,
    0.05096717178821564,
    -0.06131758913397789,
    0.030528070405125618,
    -0.03945373371243477,
    -0.021543186157941818,
    0.04509969428181648,
    0.03077583760023117,
    -0.005065460689365864,
    0.02560785971581936,
    -0.03023170493543148,
    -0.02445244789123535,
    -0.010664590634405613,
    0.012888881377875805,
    0.05878816172480583,
    -0.12117394059896469,
    0.06596396863460541,
    0.027254287153482437,
    -0.030053840950131416,
    0.011836014688014984,
    0.08845788985490799,
    -0.019699377939105034,
    0.08985308557748795,
    -0.013321908190846443,
    0.001628733123652637,
    -0.005940763279795647,
    0.08246593922376633,
    0.014976384118199348,
    -0.019735168665647507,
    0.06827347725629807,
    -0.00011462339898571372,
    0.027721375226974487,
    -0.08510575443506241,
    -0.011632688343524933,
    -0.037599943578243256,
    0.03334667161107063,
    0.015348847955465317,
    0.03775874152779579,
    0.04157038778066635,
    0.07682846486568451,
    -0.0061468444764614105,
    0.011256268247961998,
    -0.03079596906900406,
    0.03134317323565483,
    0.007707878947257996,
    -0.0025131646543741226,
    0.02933570370078087,
    0.05121336504817009,
    0.03338180482387543,
    0.011206354014575481,
    -0.08440472930669785,
    -0.007586997002363205,
    0.0495230033993721,
    -0.030743254348635674,
    0.007834790274500847,
    -0.10178720951080322,
    -0.06278713047504425,
    0.021967114880681038,
    -0.02701622061431408,
    0.03908215090632439,
    0.03801030293107033,
    -0.0788990929722786,
    0.028333114460110664,
    -0.011400029994547367,
    0.017612209543585777,
    -0.00947719719260931,
    0.05446751043200493,
    0.06213267520070076,
    0.039984554052352905,
    0.022358689457178116,
    -0.02641071192920208,
    0.03324533626437187,
    -0.06664383411407471,
    -0.05202437937259674,
    0.11529158055782318,
    0.08925054967403412,
    -0.005744026042521,
    -4.670754060498439e-05,
    -0.017568688839673996,
    0.033668387681245804,
    -0.022325558587908745,
    0.07864933460950851,
    -0.016394805163145065,
    0.005703061353415251,
    0.049751151353120804,
    -0.06127318739891052,
    0.015764471143484116,
    -0.0828612819314003,
    0.04320909082889557,
    0.02394185960292816,
    0.04825621843338013,
    -0.04161074385046959,
    0.015455899760127068,
    -0.03472372889518738,
    0.07004465907812119,
    0.01892104186117649,
    -0.06038166955113411,
    0.07029875367879868,
    0.004833444487303495,
    -0.03434961289167404,
    0.023602407425642014,
    -0.01677326112985611,
    -0.05897533893585205,
    0.04208305850625038,
    -0.0476498082280159,
    0.05660020932555199,
    -0.025391345843672752,
    -0.03804188221693039,
    -0.007738295942544937,
    -0.009161118417978287,
    -0.023059118539094925,
    0.012361336499452591,
    -0.04872109368443489,
    -0.046074770390987396,
    0.047693945467472076,
    -0.002207409357652068,
    0.03348017856478691,
    -0.02481486275792122,
    -0.03946787118911743,
    -0.03443647548556328,
