{
  "image_path": "C:\\Users\\devon\\votely-platform\\face-recognition\\data\\wete.jpg",
  "image_name": "wete.jpg",
  "face_location": {
    "x": 758,
    "y": 336,
    "width": 447,
    "height": 447
  },
  "embedding_dimension": 512,
  "embedding_vector": [
    0.04563414677977562,
    0.030346902087330818,
    -0.04552408307790756,
    0.09779071807861328,
    -0.029034791514277458,
    -0.017223792150616646,
    -0.0326169990003109,
    0.017504246905446053,
    0.0004238552355673164,
    0.008859710767865181,
    -0.009270993992686272,
    0.022895704954862595,
    0.06388552486896515,
    0.009502523578703403,
    -0.006172959692776203,
    -0.03135693073272705,
    0.02515294961631298,
    0.0540914312005043,
    -0.011816789396107197,
    0.0011333938455209136,
    -1.9549506760085933e-05,
    0.005224908236414194,
    0.033891454339027405,
    -0.013878628611564636,
    0.05272364243865013,
    0.0023393884766846895,
    0.04226214438676834,
    0.005436191335320473,
    0.06256528943777084,
    0.015491985715925694,
    0.08449642360210419,
    0.02399417571723461,
    -0.037079669535160065,
    -0.005906255915760994,
    -0.014053434133529663,
    -0.04294578731060028,
    -0.05616748332977295,
    -0.022843196988105774,
    -0.08906500041484833,
    -0.028070887550711632,
    -0.05523388460278511,
    -0.030197568237781525,
    0.011388315819203854,
    -0.04183264076709747,
    -0.030955983325839043,
    0.025448676198720932,
    -0.023345526307821274,
    -0.04868287220597267,
    0.003476455109193921,
    -0.025235526263713837,
    0.05887611582875252,
    -0.06292051821947098,
    0.04010259360074997,
    -0.0351768359541893,
    -0.05759906768798828,
    -0.048289768397808075,
    -0.02291189134120941,
    0.004667686764150858,
    -0.002520807785913348,
    0.0891721323132515,
    -0.018314164131879807,
    -0.004872547462582588,
    -0.0035874361637979746,
    0.07251806557178497,
    -0.0199525598436594,
    0.0010876775486394763,
    -0.032168835401535034,
    -0.019339971244335175,
    0.017126280814409256,
    -0.01257165428251028,
    -0.025239748880267143,
    0.04011516645550728,
    0.01790056936442852,
    0.031222736462950706,
    0.06809024512767792,
    -0.07047445327043533,
    -0.05232018604874611,
    -0.007760088425129652,
    0.060722190886735916,
    0.05193406715989113,
    0.06275054812431335,
    -0.09384897351264954,
    0.033932920545339584,
    -0.03690541535615921,
    -0.002526584081351757,
    0.012593925930559635,
    -0.03523899242281914,
    0.0574050173163414,
    0.011150875128805637,
    0.027045028284192085,
    -0.00889849103987217,
    0.03167949989438057,
    0.024576101452112198,
    0.016285143792629242,
    0.013885467313230038,
    0.010737000964581966,
    0.05826573446393013,
    -0.01600484549999237,
    8.300070476252586e-05,
    0.06528104841709137,
    0.002878374420106411,
    0.026767706498503685,
    0.056450046598911285,
    0.04357408359646797,
    0.0499839223921299,
    0.009053526446223259,
    -0.06691616773605347,
    -0.07689841836690903,
    0.04414734989404678,
    0.04056288301944733,
    0.04348847270011902,
    0.019730443134903908,
    0.016674140468239784,
    -0.027665676549077034,
    0.00238225469365716,
    -0.0300238449126482,
    -0.037779249250888824,
    -0.038817841559648514,
    -0.07528923451900482,
    0.07825122773647308,
    0.07934287935495377,
    0.08597708493471146,
    -0.10835181176662445,
    -0.05035918578505516,
    -0.022952931001782417,
    -0.08228360861539841,
    0.02878105267882347,
    -0.026897218078374863,
    0.046979088336229324,
    0.024965925142169,
    0.054966606199741364,
    0.027573373168706894,
    0.05254044383764267,
    0.03878150135278702,
    -0.002483950462192297,
    0.05303185433149338,
    0.00199256744235754,
    -0.05563931539654732,
    0.020941970869898796,
    0.057798583060503006,
    0.013254041783511639,
    0.05709657445549965,
    0.007402702700346708,
    -0.015515611506998539,
    0.032818812876939774,
    -0.008656344376504421,
    -0.05143257603049278,
    0.0021040746942162514,
    0.04039109870791435,
    -0.023524776101112366,
    -0.03626144677400589,
    0.04816731438040733,
    0.04389329254627228,
    0.08496970683336258,
    0.049587544053792953,
    -0.0778399258852005,
    -0.03469786420464516,
    -0.023692268878221512,
    -0.0889551192522049,
    -0.05676361545920372,
    0.04938651993870735,
    0.07306519150733948,
    0.07026243954896927,
    -0.00630602240562439,
    0.04263672977685928,
    -0.004618661943823099,
    -0.030807379633188248,
    -0.009496491402387619,
    -0.055908262729644775,
    0.008014618419110775,
    -0.05966590717434883,
    0.012590114027261734,
    0.05637693777680397,
    0.07110357284545898,
    -0.018524928018450737,
    -0.04539501294493675,
    -0.006849952973425388,
    0.008919923566281796,
    -0.0259043388068676,
    -0.004913152661174536,
    -0.005334907211363316,
    -0.004666383843868971,
    -0.016773132607340813,
    -0.01118040643632412,
    0.03942690044641495,
    0.047244712710380554,
    0.05660741403698921,
    -0.05707203224301338,
    -0.004051948431879282,
    0.06426632404327393,
    -0.0826387032866478,
    0.050926145166158676,
    0.07071808725595474,
    -0.03570372238755226,
    0.004999243188649416,
    0.07271622121334076,
    -0.024430617690086365,
    -0.01966281794011593,
    0.14677627384662628,
    -0.07496123760938644,
    0.0509369783103466,
    -0.015370330773293972,
    -0.00554405665025115,
    0.012262648902833462,
    0.03389747813344002,
    -0.05289668217301369,
    0.03420085832476616,
    0.023577680811285973,
    0.011603113263845444,
    0.012435035780072212,
    -0.07742500305175781,
    0.04899508133530617,
    -0.00849502719938755,
    0.06676018983125687,
    0.08002164959907532,
    0.08318328112363815,
    0.014932398684322834,
    0.01706734113395214,
    -0.039983704686164856,
    -0.0008945820736698806,
    0.002529105171561241,
    0.025923913344740868,
    -0.013144632801413536,
    0.019705994054675102,
    0.01943611167371273,
    -0.03315075859427452,
    -0.024111183360219002,
    0.012172182090580463,
    0.03416389226913452,
    -0.004982165526598692,
    0.03123212605714798,
    -0.007535435725003481,
    0.026755040511488914,
    -0.0732632651925087,
    -0.07344125211238861,
    0.00878281518816948,
    -0.08727341145277023,
    0.06329432874917984,
    0.045427534729242325,
    -0.059026919305324554,
    -0.0089702308177948,
    0.005223603453487158,
    -0.022830013185739517,
    -0.023421647027134895,
    0.036357562988996506,
    0.11214281618595123,
    0.009920408017933369,
    0.03801678121089935,
    0.03194700926542282,
    0.034827835857868195,
    -0.048624683171510696,
    0.003892440116032958,
    0.08794598281383514,
    -0.007736450061202049,
    -0.04264108091592789,
    -0.007873931899666786,
    0.006073005963116884,
    -0.01445560809224844,
    0.0310832429677248,
    -0.01171141304075718,
    -0.017335059121251106,
    -0.009864403866231441,
    -0.05119898170232773,
    -0.0388273149728775,
    0.09378261119127274,
    -0.1091093048453331,
    -0.07022155076265335,
    0.0636366456747055,
    0.0008021720568649471,
    -0.026824770495295525,
    0.05514097958803177,
    -0.008920892141759396,
    0.09787275642156601,
    0.032192133367061615,
    0.02334195002913475,
    0.0704040452837944,
    0.050547365099191666,
    0.021023139357566833,
    -0.042551200836896896,
    0.08964335918426514,
    0.012537467293441296,
    0.004142939578741789,
    -0.09134352952241898,
    0.0055525475181639194,
    -0.02130562625825405,
    -0.02248319797217846,
    -0.033927518874406815,
    -0.01632283255457878,
    -0.06499532610177994,
    0.03449759632349014,
    -0.01971702091395855,
    -0.07986563444137573,
    -0.019410638138651848,
    -0.004403701052069664,
    -0.010395137593150139,
    0.007295199669897556,
    -0.028901750221848488,
    -0.004796159453690052,
