{
  "image_path": "C:\\Users\\devon\\votely-platform\\face-recognition\\data\\wete.jpg",
  "image_name": "wete.jpg",
  "face_location": {
    "x": 758,
    "y": 336,
    "width": 447,
    "height": 447
  },
  "embedding_dimension": 512,
  "embedding_vector": [
    0.05072920396924019,
    0.02864791639149189,
    -0.04475520923733711,
    0.0999661311507225,
    -0.025201987475156784,
    -0.006168433465063572,
    -0.041706789284944534,
    0.009131464175879955,
    0.011139214970171452,
    -0.013694202527403831,
    -0.0016086276154965162,
    0.01021241769194603,
    0.08079124987125397,
    0.008582431823015213,
    -0.008450140245258808,
    -0.006622591987252235,
    0.014532982371747494,
    0.06378071755170822,
    -0.019002879038453102,
    0.008419813588261604,
    -0.020526593551039696,
    0.0052095078863203526,
    0.04419051483273506,
    -0.023402996361255646,
    0.036127109080553055,
    0.0032809984404593706,
    0.04158155247569084,
    -0.001679168432019651,
    0.04483732581138611,
    0.012270278297364712,
    0.06847584247589111,
    0.038321226835250854,
    -0.0431014820933342,
    0.0007525959517806768,
    -0.009373316541314125,
    -0.025964071974158287,
    -0.008598671294748783,
    -0.014480439014732838,
    -0.10391110926866531,
    -0.039569709450006485,
    -0.03719956800341606,
    -0.030989661812782288,
    0.009263576939702034,
    -0.05309170112013817,
    -0.037009578198194504,
    0.01584351807832718,
    -0.012227446772158146,
    -0.01694691739976406,
    -0.011364837177097797,
    -0.0267635527998209,
    0.038005076348781586,
    -0.05414816364645958,
    0.018390165641903877,
    -0.04792100191116333,
    -0.05598495528101921,
    -0.03403794392943382,
    -0.01357202883809805,
    0.0009307255386374891,
    0.03578717261552811,
    0.09700268507003784,
    -0.008612282574176788,
    -0.008675123564898968,
    0.008015034720301628,
    0.05746413394808769,
    -0.02474469691514969,
    0.008973675779998302,
    -0.010542198084294796,
    -0.014737929217517376,
    0.027827918529510498,
    -0.0132087841629982,
    -0.03155817091464996,
    0.025803761556744576,
    0.036298785358667374,
    0.03588017076253891,
    0.07577420026063919,
    -0.10229280591011047,
    -0.07083706557750702,
    -0.010996180586516857,
    0.050239238888025284,
    0.02866877242922783,
    0.06057329475879669,
    -0.08868778496980667,
    0.04324720799922943,
    -0.025369632989168167,
    -0.02742728404700756,
    0.004470038693398237,
    -0.011851545423269272,
    0.054804567247629166,
    -0.012792972847819328,
    0.01195202860981226,
    -0.017881393432617188,
    0.04198763146996498,
    0.024096278473734856,
    0.010641525499522686,
    0.0007963310345076025,
    0.0027088792994618416,
    0.06496082991361618,
    -0.029193805530667305,
    -0.018981659784913063,
    0.06464539468288422,
    -0.005446902941912413,
    0.024619240313768387,
    0.02874133363366127,
    0.050000544637441635,
    0.01643175631761551,
    -0.007098374888300896,
    -0.04946232959628105,
    -0.09014838933944702,
    0.028179293498396873,
    0.044415563344955444,
    0.036150965839624405,
    0.013349340297281742,
    -0.0007370496168732643,
    -0.010445982217788696,
    0.01137616392225027,
    -0.028994956985116005,
    -0.009155252948403358,
    -0.03440776839852333,
    -0.0669592022895813,
    0.06461641192436218,
    0.07138322293758392,
    0.08096351474523544,
    -0.09446181356906891,
    -0.05215361714363098,
    -0.027176769450306892,
    -0.07987302541732788,
    0.02122027613222599,
    -0.010761568322777748,
    0.030910002067685127,
    0.02394569106400013,
    0.05108402669429779,
    -0.0008125698659569025,
    0.038352202624082565,
    0.031605467200279236,
    -0.019764523953199387,
    0.05935939401388168,
    -0.019836699590086937,
    -0.04951786249876022,
    0.030180715024471283,
    0.06564043462276459,
    0.030268594622612,
    0.04139605909585953,
    0.011584817431867123,
    -0.010108946822583675,
    0.06129837781190872,
    -0.007804126478731632,
    -0.05305241048336029,
    -0.006849970668554306,
    0.054695043712854385,
    -0.018534835427999496,
    -0.013188393786549568,
    0.04000360891222954,
    0.04507088661193848,
    0.06851024180650711,
    0.03695434704422951,
    -0.09370940178632736,
    -0.030823254957795143,
    -0.03179018944501877,
    -0.10135975480079651,
    -0.05321209132671356,
    0.030096914619207382,
    0.07681754976511002,
    0.06985081732273102,
    -0.004497357178479433,
    0.02768472023308277,
    -0.012430022470653057,
    -0.048375509679317474,
    -0.017130814492702484,
    -0.05695227533578873,
    0.00043171734432689846,
    -0.03368745371699333,
    0.0368037186563015,
    0.06597625464200974,
    0.08062765747308731,
    0.006963636260479689,
    -0.05550914630293846,
    0.012278182432055473,
    0.017537282779812813,
    -0.027278756722807884,
    0.016912119463086128,
    -0.011313028633594513,
    0.024586837738752365,
    -0.01940295286476612,
    -0.02462678961455822,
    0.04140331596136093,
    0.05949265882372856,
    0.05453729256987572,
    -0.03518969193100929,
    0.006695414427667856,
    0.04395423084497452,
    -0.07003813982009888,
    0.04965956509113312,
    0.06946858763694763,
    -0.03230466693639755,
    0.005766379181295633,
    0.0728946253657341,
    -0.027922576293349266,
    -0.002400253666564822,
    0.12934722006320953,
    -0.057826533913612366,
    0.03922923281788826,
    -0.013820759020745754,
    -0.011628140695393085,
    0.028485672548413277,
    0.03996672108769417,
    -0.046388812363147736,
    0.02448265440762043,
    0.03512734919786453,
    0.002561961067840457,
    0.019353540614247322,
    -0.06619313359260559,
    0.034925661981105804,
    -0.011591904796659946,
    0.09080449491739273,
    0.07694559544324875,
    0.11189553141593933,
    0.017279664054512978,
    0.004659184254705906,
    -0.03604283556342125,
    0.005169235169887543,
    0.0019900850020349026,
    0.014573206193745136,
    -0.040915701538324356,
    -0.0028150889556854963,
    0.018518155440688133,
    0.009443670511245728,
    -0.029462872073054314,
    0.017304809764027596,
    0.0305954422801733,
    0.018537145107984543,
    0.0307823047041893,
    -0.010080396197736263,
    0.03059171698987484,
    -0.08351928740739822,
    -0.0776444524526596,
    0.017268558964133263,
    -0.08934293687343597,
    0.06373774260282516,
    0.0604974590241909,
    -0.07846035063266754,
    0.00025010076933540404,
    0.014435969293117523,
    -0.00012089174560969695,
    -0.053562819957733154,
    0.036002784967422485,
    0.11071465909481049,
    0.012016392312943935,
    0.04828329011797905,
    0.04573480039834976,
    0.035700246691703796,
    -0.056820984929800034,
    -0.021853335201740265,
    0.05906352028250694,
    -0.008320190012454987,
    -0.02160835638642311,
    -0.007177685387432575,
    0.007915602065622807,
    -0.02100345864892006,
    0.02775608003139496,
    0.00480557419359684,
    -0.02489401400089264,
    -0.015727000311017036,
    -0.054231543093919754,
    -0.05846421420574188,
    0.0719323679804802,
    -0.13109533488750458,
    -0.059623099863529205,
    0.056962303817272186,
    0.015114868991076946,
    -0.03679938241839409,
    0.06008724868297577,
    -0.0004680715501308441,
    0.09931205958127975,
    0.027816904708743095,
    0.013309512287378311,
    0.0603087954223156,
    0.045749422162771225,
    0.01438820268958807,
    -0.013851221650838852,
    0.10172298550605774,
    0.013576306402683258,
    0.006622114684432745,
    -0.09648721665143967,
    8.645610068924725e-05,
    -0.03002147190272808,
    -0.03274048492312431,
    -0.043734293431043625,
    -0.01898697204887867,
    -0.06137172877788544,
    0.04092572629451752,
    -0.031940117478370667,
    -0.06975964456796646,
    -0.020999405533075333,
    0.010785186663269997,
    -0.0018447996117174625,
    0.00021314257173798978,
    -0.03652539104223251,
